HGVS_pos	WT_aa	new_aa	SIFT_score_0	SIFT_score_3	Polyphen2_dScore	Polyphen2_Score1	Polyphen2_Score2	Polyphen2_dVol	Polyphen2_dProp	Polyphen2_NormASA	Polyphen2_MinDJxn	Polyphen2_IdPmax	Polyphen2_IdQmin
23	R	G	0.02	0.02	1.765	-1.459	-3.224	-113	0.91	0.632	77	3.373	77.24
27	G	D	0	0	2.477	-0.809	-3.286	51	-0.46	0.0115	64		
28	A	K	0.02	0.02	2.173	-1.154	-3.327	80	-2.34	0.0388		3.693	80.09
29	V	G	0	0	2.218	-1.236	-3.454	-80	-0.73	0.108	58	1.897	64.7
31	L	P	0.02	0.02	2.502	-1.292	-3.794	-55	-1.07	0.343	52	1.274	46.96
33	W	G	0	0	2.064	-1.111	-3.175	-167	-0.76	0.0821	47		
41	G	C	0.04	0.04	2.905	-1.927	-4.832	48	0.75	0.494	23	1.587	87.07
48	R	K	0.33	0.33	1.45	-1.452	-2.902	-5	-1.14	0.688	1	4.186	77.24
64	V	M	0.18	0.18	0.205	-1.958	-2.163	23	0.11	0.358	-47	15.212	93.92
66	K	E	0	0	1.683	-1.337	-3.02	-30	1.3	0.391	-53	4.031	77.24
70	F	S	0	0	2.396	-1.07	-3.466	-101	-0.85	0.0651	57		
73	F	L	0.01	0.01	1.413	-1.477	-2.89	-23	-0.03	0.118	49	4.993	72.95
77	L	P	0.04	0.04	2.558	-1.466	-4.024	-55	-1.07	0.599	36	0.766	51.38
82	K	E	0.12	0.12	1.808	-1.126	-2.934	-30	1.3	0.64	22	1.967	37.69
83	P	R	0	0	2.883	-0.906	-3.789	61	-0.68	0.278	18		
84	R	G	0	0	1.74	-1.426	-3.166	-113	0.91	0.603	16	3.802	87.07
88	M	V	0.04	0.04	1.413	-1.296	-2.709	-23	-0.11	0.127	4		
97	A	P	0	0	2.336	-1.342	-3.678	24	-0.52	0.0971	-24	1.937	72.95
107	L	F	0.16	0.16	1.033	-1.319	-2.352	23	0.03	0.0073	-54	28.905	74.99
108	K	T	0	0	2.068	-1.142	-3.21	-52	2.12	0.0812	-58	1.293	15.74
109	N	D	0	0	1.854	-1.144	-2.998	-3	-0.14	0	-60	0.586	15.74
112	S	F	0	0	2.656	-1.2	-3.856	101	0.85	0.504	54	0.706	15.74
114	P	L	0.01	0.01	2.062	-1.285	-3.347	55	1.07	0.278	48	4.644	78.01
118	H	R	0	0	2.166	-1.261	-3.427	20	-1.03	0.0353	36	0.623	15.74
126	K	T	0	0	2.175	-1.147	-3.322	-52	2.12	0.107	12	0.552	15.74
130	G	R	0	0	1.409	-1.061	-2.47	113	-0.91	0	1	0.966	15.74
136	Q	P	0.09	0.09	1.986	-1.704	-3.69	-32	0.12	0.403	-19	2.139	78.86
138	S	R	0.01	0.01	0.971	-1.535	-2.506	84	-0.93	0.44	-26	3.046	87.07
157	W	C	0	0	3.616	-1.19	-4.806	-119	-0.01	0.0359	-83	0.147	15.74
159	V	A	0.18	0.18	1.419	-1.337	-2.756	-52	-0.44	0.0917	-88	3.76	80.09
162	E	K	0.01	0.01	1.867	-1.119	-2.986	30	-1.3	0.321	-96	0.718	15.74
163	N	K	0.03	0.03	1.836	-1.288	-3.124	54	-1.73	0.0375	-101	2.785	51.38
169	D	N	0	0	1.089	-1.059	-2.148	3	0.14	0.0671	97	4.985	15.74
170	P	S	0.12	0.12	2.224	-1.063	-3.287	-23	0.25	0.511	94	0.664	15.74
176	S	P	0.05	0.05	2.258	-1.267	-3.525	23	-0.25	0.024	76	1.493	51.38
177	Y	C	0	0	3.695	-1.023	-4.718	-85	0.25	0	72		
178	L	V	0.23	0.23	1.547	-1.475	-3.022	-27	-0.11	0.0803	70	6.71	77.24
180	H	Y	0.11	0.11	1.935	-1.354	-3.289	40	0.38	0.1	64	0.737	46.96
187	L	S	0	0	2.265	-1.259	-3.524	-78	-0.82	0.073	42	2.426	74.99
189	S	L	0	0	1.806	-1.371	-3.177	78	0.82	0	36	4.515	75.84
191	L	F	0	0	2.501	-0.972	-3.473	23	0.03	0.0073	31		
192	I	T	0	0	1.93	-1.302	-3.232	-51	-0.7	0.0827	27	2.565	51.38
194	A	T	0.06	0.06	0.899	-1.279	-2.178	28	-0.22	0.00971	22	18.65	75.84
198	C	G	0	0	2.328	-1.111	-3.439	-48	-0.75	0.0381	10		
200	E	G	0	0	2.209	-1.005	-3.214	-78	0.75	0.807	3		
214	F	V	0.01	0.01	1.944	-1.209	-3.153	-50	-0.14	0.0592	31	3.599	50.32
215	I	M	0	0	1.86	-2.144	-4.004	-4	0.07	0.0376	26	2.978	93.92
216	L	Q	0	0	2.869	-1.105	-3.974	-23	-1.19	0.0438	24	1.053	50.32
218	F	S	0	0	2.31	-1.202	-3.512	-101	-0.85	0.0237	18	1.235	50.32
224	G	W	0	0	4.114	-0.927	-5.041	167	0.76	0.448	1	0.235	50.32
227	W	G	0	0	2.149	-1.189	-3.338	-167	-0.76	0.256	-9	1.026	50.32
229	S	P	0.07	0.07	2.161	-1.476	-3.637	23	-0.25	0.976	-15	2.312	87.07
234	S	C	0.01	0.01	2.751	-1.865	-4.616				-31	1.621	78.01
243	S	C	0.07	0.07	3.181	-1.441	-4.622	19	0.73	0.688	-58	1.866	87.07
245	R	W	0	0	0.567	-2.464	-3.031	54	1.67	0.197	55	37.341	80.09
250	M	R	0	0	1.893	-1.893	-3.786	10	-1.75	0.261	39	1.889	77.24
251	H	D	0.01	0.01	2.197	-1.251	-3.448	-42	-0.58	0.0176	37	1.462	78.86
256	Y	N	0	0	2.525	-1.368	-3.893	-79	-0.82	0.011	22	0.743	50.32
260	S	C	0	0	3.241	-1.267	-4.508	19	0.73	0.104	9	0.939	51.38
261	L	P	0	0	2.759	-1.191	-3.95	-55	-1.07	0.0438	6	2.12	72.95
262	P	L	0	0	2.061	-1.063	-3.124	55	1.07	0.135	3	14.389	72.95
264	L	R	0	0	2.817	-0.972	-3.789	6	-1.75	0.073	-4		
266	G	E	0.09	0.09	2.289	-1.264	-3.553	78	-0.75	0.103	-10	1.8	77.24
269	R	W	0.01	0.01	3.301	-1.867	-5.168	54	1.67	0.791	-18	0.375	80.09
273	Y	C	0.09	0.09	3.399	-1.407	-4.806	-85	0.25	0.669	-31	0.412	46.96
276	V	M	0.01	0.01	2.847	-1.039	-3.886	23	0.11	0.0583	-39		
278	G	R	0	0	2.759	-0.985	-3.744	113	-0.91	0.0115	-45	1.625	51.38
279	M	K	0	0	1.85	-1.567	-3.417	5	-2.89	0.115	-49	2.008	75.63
283	P	L	0.25	0.25	2.533	-0.906	-3.439	55	1.07	0.226	-61		
284	E	K	0.01	0.01	1.77	-1.2	-2.97	30	-1.3	0.321	-63	2.343	51.38
288	I	T	0.02	0.02	2.055	-1.216	-3.271	-51	-0.7	0	-76	3.754	75.2
290	L	P	0	0	2.847	-1.178	-4.025	-55	-1.07	0.117	-82	0.838	75.63
292	G	V	0	0	2.579	-0.985	-3.564	80	0.73	0.31	-88	1.701	41.26
296	L	F	0.29	0.29	1.036	-1.309	-2.345	23	0.03	0.182	-99	27.954	72.52
299	N	I	0	0	2.529	-1.346	-3.875	53	1.09	0.381	-109	1.547	51.38
304	S	P	0.06	0.06	2.464	-1.2	-3.664	23	-0.25	0	100	0.833	75.2
305	L	S	0	0	2.494	-0.972	-3.466	-78	-0.82	0.0657	96		
308	S	L	0.52	0.52	2.146	-1.068	-3.214	78	0.82	0.024	87		
312	F	S	0.17	0.17	2.186	-1.295	-3.481	-101	-0.85	0.172	75	1.261	51.38
313	L	R	0	0	2.817	-0.972	-3.789	6	-1.75	0.423	72		
318	L	P	0.01	0.01	2.289	-1.726	-4.015	-55	-1.07	0.394	57	1.487	87.07
321	D	V	0	0	2.685	-0.924	-3.609	29	1.19	0.457	48		
324	Q	P	0.02	0.02	2.012	-1.658	-3.67	-32	0.12	0.564	39	0.954	51.38
325	F	S	0	0	2.396	-1.07	-3.466	-101	-0.85	0.16	36		
326	L	P	0.05	0.05	2.988	-0.972	-3.96	-55	-1.07	0.139	33		
328	F	L	0.06	0.06	1.517	-1.449	-2.966	-23	-0.03	0.118	28	5.34	78.01
330	H	R	0.17	0.17	0.585	-1.728	-2.313	20	-1.03	0.441	21	25.799	80.09
337	D	Y	0.04	0.04	2.92	-1.355	-4.275	82	0.96	0.427	1	1.325	75.63
338	G	V	0	0	2.846	-0.763	-3.609	80	0.73	0	-4		
342	Y	C	0.01	0.01	3.385	-1.38	-4.765	-85	0.25	0.331	-16	0.414	37.69
344	K	Q	0.19	0.19	0.801	-1.718	-2.519	-24	1.7	0.467	-21	10.992	87.07
364	D	N	0	0	1.663	-1.811	-3.474				-81	3.208	79.07
366	D	N	0	0	0.928	-1.381	-2.309				-87	14.873	78.86
376	V	G	0	0	1.946	-1.684	-3.63				-118	2.205	78.86
380	D	G	0	0	0.536	-1.635	-2.171	-51	0.46	0.848	-130	11.581	64.7
388	I	T	0.01	0.01	1.736	-1.545	-3.281	-51	-0.7	1	109	2.622	78.01
390	I	T	0	0	1.423	-1.825	-3.248	-51	-0.7	0.932	103	3.799	75.84
394	A	S	0.03	0.03	1.842	-0.949	-2.791	1	-0.27	0.883	92		
396	K	M	0	0	3.102	-1.331	-4.433	-5	2.89	0.782	85	0.799	51.38
399	K	E	0	0	1.834	-1.012	-2.846	-30	1.3	0.584	77		
404	Y	D	0	0	2.521	-1.29	-3.811	-82	-0.96	0.188	62	1.206	75.2
411	D	G	0.04	0.04	1.932	-1.164	-3.096	-51	0.46	0.341	40	2.346	93.92
414	Y	C	0	0	3.695	-1.023	-4.718	-85	0.25	0.0387	31		
422	D	H	0.11	0.11	2.252	-2.12	-4.372	42	0.58	0.939	8	2.566	87.07
424	R	S	0.15	0.15	0.54	-1.89	-2.43	-84	0.93	0.218	0	16.679	78.01
434	G	D	0.01	0.01	1.017	-1.259	-2.276	51	-0.46	0.207	-30	31.285	78.86
447	F	S	0	0	2.212	-1.269	-3.481	-101	-0.85	0.0178	-69	1.316	41.26
454	T	I	0	0	2.418	-0.998	-3.416	51	0.7	0.935	83		
467	I	S	0	0	2.138	-1.365	-3.503	-78	-0.75	0.0977	44	1.78	72.52
472	L	H	0	0	3.789	-0.972	-4.761	-14	-0.72	0.0511	29		
477	G	V	0.01	0.01	2.846	-0.763	-3.609	80	0.73	0.437	14		
480	L	P	0	0	2.988	-0.972	-3.96	-55	-1.07	0.0365	5		
485	K	T	0.03	0.03	2.265	-1.012	-3.277	-52	2.12	0.0761	-11		
486	N	S	0	0	1.783	-1.008	-2.791	-25	0.34	0.0437	-14		
489	S	N	0.01	0.01	2.011	-1.068	-3.079	25	-0.34	0.44	-23		
493	N	D	0.02	0.02	1.866	-1.008	-2.874	-3	-0.14	0	-34		
495	Y	D	0.05	0.05	2.373	-1.353	-3.726	-82	-0.96	0.144	-40	1.87	78.01
496	P	R	0	0	2.883	-0.906	-3.789	61	-0.68	0	-44		
498	G	R	0	0	3.026	-0.763	-3.789	113	-0.91	0.149	46		
524	P	L	0	0	2.533	-0.906	-3.439	55	1.07	0.744	-34		
525	G	R	0.01	0.01	2.946	-0.931	-3.877	113	-0.91	0.563	-36	0.309	15.74
529	K	E	0.03	0.03	1.693	-1.147	-2.84	-30	1.3	0.34	-48	1.443	15.74
534	V	G	0	0	2.122	-1.364	-3.486	-80	-0.73	0.0583	-64	1.084	51.38
539	G	E	0.18	0.18	2.758	-0.763	-3.521	78	-0.75	0.069	-79		
541	T	S	0	0	1.551	-1.277	-2.828	-27	-0.05	0.158	-84	4.329	51.38
546	R	W	0.01	0.01	3.773	-1.452	-5.225	54	1.67	0.479	-99	0.088	22.71
549	T	N	0	0	2.214	-1.135	-3.349	-2	-0.39	0.0288	107	0.66	15.74
551	Y	C	0.02	0.02	3.502	-1.231	-4.733	-85	0.25	0.254	101	0.509	46.96
552	Y	H	0	0	2.641	-1.172	-3.813	-40	-0.38	0.0552	99	0.195	15.74
556	V	D	0	0	2.386	-1.512	-3.898	-29	-1.19	0.25	86	1.707	93.92
562	L	P	0	0	2.789	-1.105	-3.894	-55	-1.07	0.299	68	0.418	15.74
563	A	G	0.17	0.17	1.719	-1.09	-2.809	-28	-0.29	0.165	65	1.008	15.74
564	S	L	0	0	0.963	-1.2	-2.163	78	0.82	0.016	62	5.91	15.74
565	G	R	0	0	2.912	-0.922	-3.834	113	-0.91	0.023	60	0.466	15.74
569	P	R	0.01	0.01	2.771	-1.063	-3.834	61	-0.68	0.0451	47	0.366	15.74
572	I	F	0	0	2.345	-1.216	-3.561	23	0.1	0.015	39	0.556	15.74
576	E	K	0.27	0.27	0.789	-1.501	-2.29	30	-1.3	0.642	27	2.59	75.63
578	V	A	0.01	0.01	1.669	-1.039	-2.708	-52	-0.44	1.08	20		
583	N	S	0.16	0.16	1.783	-1.008	-2.791	-25	0.34	0.444	5		
586	M	V	0.24	0.24	1.413	-1.296	-2.709	-23	-0.11	0.796	-4		
595	F	S	0.04	0.04	2.396	-1.07	-3.466	-101	-0.85	0.0828	-32		
596	S	F	0	0	2.855	-1.068	-3.923	101	0.85	0.056	-35		
599	D	H	0	0	3.387	-0.924	-4.311	42	0.58	0.104	-43		
602	R	G	0.03	0.03	1.598	-1.722	-3.32	-113	0.91	0.53	-52	3.751	93.92
614	L	R	0	0	2.386	-1.424	-3.81	6	-1.75	0.0511	63	1.634	46.96
620	V	M	0.01	0.01	2.615	-1.35	-3.965	23	0.11	0.233	46	1.878	72.95
624	D	V	0.08	0.08	2.685	-0.924	-3.609	29	1.19	0.238	33		
635	S	N	0	0	2.011	-1.068	-3.079	25	-0.34	0.008	0		
639	Y	C	0	0	3.617	-1.146	-4.763	-85	0.25	0.127	-13	0.868	80.09
640	V	F	0.01	0.01	2.421	-1.324	-3.745	50	0.14	0.0417	-15	1.85	46.96
641	F	S	0.01	0.01	2.396	-1.07	-3.466	-101	-0.85	0.0651	-19		
645	Q	P	0.18	0.18	1.949	-1.75	-3.699	-32	0.12	0.619	-31	1.898	72.52
651	H	P	0.11	0.11	2.573	-1.251	-3.824	-41	-0.35	0.647	-49	1.054	75.2
654	A	E	0.01	0.01	2.156	-1.154	-3.31	50	-1.04	0.0388	-58	0.915	22.71
657	Y	C	0.01	0.01	3.351	-1.526	-4.877	-85	0.25	0.0166	-67	0.636	72.52
658	I	S	0	0	2.179	-1.302	-3.481	-78	-0.75	0.0752	-70	1.662	51.38
659	L	P	0	0	2.988	-0.972	-3.96	-55	-1.07	0.0584	-73		
661	I	N	0	0	2.039	-1.954	-3.993	-53	-1.09	0.128	-79	1.32	80.09
663	A	V	0.03	0.03	1.985	-0.949	-2.934	52	0.44	0.417	-85		
669	S	P	0.03	0.03	2.442	-1.068	-3.51	23	-0.25	0.024	-102		
670	V	L	0.01	0.01	1.213	-1.289	-2.502	27	0.11	0.05	-105	13.252	79.07
671	F	L	0.03	0.03	1.694	-1.07	-2.764	-23	-0.03	0.124	103		
672	F	S	0	0	2.396	-1.07	-3.466	-101	-0.85	0.107	99		
676	T	S	0.16	0.16	1.793	-0.998	-2.791	-27	-0.05	0	87		
681	M	I	0.06	0.06	1.267	-1.904	-3.171	4	-0.07	0.248	71	8.977	78.01
686	T	R	0	0	2.374	-1.204	-3.578	57	-0.98	0.036	57	1.859	46.96
693	S	L	0.03	0.03	2.146	-1.068	-3.214	78	0.82	0.2	36		
694	G	E	0.01	0.01	2.758	-0.763	-3.521	78	-0.75	0.299	33		
695	E	G	0.01	0.01	1.925	-1.336	-3.261	-78	0.75	0.0695	30	1.94	51.38
704	P	S	0.11	0.11	2.335	-0.906	-3.241	-23	0.25	0.0902	4		
707	W	R	0	0	2.978	-1.036	-4.014	-54	-1.67	0.215	-6		
713	N	I	0.01	0.01	2.858	-1.008	-3.866	53	1.09	0.0375	-25		
714	S	L	0.05	0.05	1.823	-1.517	-3.34	78	0.82	0.304	-28	1.886	51.38
719	R	T	0.02	0.02	1.836	-1.326	-3.162	-57	0.98	0.368	-43	4.22	51.38
724	L	F	0.06	0.06	2.384	-1.196	-3.58	23	0.03	0.263	-59	0.98	46.96
725	L	Q	0	0	3.008	-0.972	-3.98	-23	-1.19	0.0803	-61		
727	V	F	0.01	0.01	2.659	-1.039	-3.698	50	0.14	0.0667	-66		
730	C	Y	0	0	2.907	-1.111	-4.018	85	-0.25	0.514	-76		
738	Y	C	0.01	0.01	3.355	-1.372	-4.727	-85	0.25	1.05	-100	0.815	75.2
739	E	K	0.06	0.06	1.547	-1.695	-3.242	30	-1.3	0.877	-102	3.73	78.01
742	Y	C	0	0	3.695	-1.023	-4.718	-85	0.25	0.713	-112		
750	L	V	0.41	0.41	0.636	-1.45	-2.086				-135	19.64	72.95
770	T	S	0.02	0.02	0.458	-1.78	-2.238				-195	11.3	93.92
795	R	G	0.2	0.2	0.257	-2.108	-2.365				-270	40.207	78.86
845	D	E	0.93	0.93	0.046	-1.886	-1.932				-422	23.793	80.09
867	V	L	0.12	0.12	0.36	-1.966	-2.326				-486	27.393	79.07
870	P	R	0	0	2.413	-1.294	-3.707				-496	5.441	74.99
912	N	D	0.13	0.13	1.433	-1.772	-3.205				-621	6.864	80.09
935	Q	E	0.04	0.04	1.026	-1.95	-2.976				-690	5.183	77.24
947	P	R	0.21	0.21	1.978	-1.833	-3.811				-727	3.791	80.09
963	D	N	0	0	0.481	-1.578	-2.059				-774	25.044	79.07
998	H	Q	0.02	0.02	0.395	-1.788	-2.183				-881	18.627	87.07
1012	V	L	0.32	0.32	1.072	-1.884	-2.956				-921	12.71	75.84
1057	E	K	0	0	1.72	-1.472	-3.192				-1056	4.099	80.09
1066	H	Y	0	0	0.623	-1.956	-2.579				-1083	25.098	79.07
1093	M	I	0.62	0.62	0.168	-2.321	-2.489				-1166	12.983	79.07
1110	N	Y	0	0	0.663	-1.994	-2.657				-1215	23.802	78.86
1126	R	W	0.03	0.03	1.864	-3.592	-5.456				-1263	0.34	93.92
1153	P	A	1	1	0.471	-2.505	-2.976				-1344	8.751	80.09
1234	H	L	0	0	1.196	-2.009	-3.205				1519	9.006	80.09
1314	T	P	0	0	1.846	-1.828	-3.674				1280	2.051	75.63
1329	R	H	0	0	0.359	-1.837	-2.196				1234	28.356	80.09
1336	Q	K	0	0	1.408	-1.621	-3.029				1214	2.545	46.96
1372	T	A	0.06	0.06	1.11	-1.855	-2.965				1106	4.173	75.2
1445	S	P	0	0	0.828	-1.404	-2.232				887	39.12	79.07
1469	L	S	0.01	0.01	1.767	-1.679	-3.446				814	6.336	75.84
1511	V	I	0.57	0.57	0.768	-1.324	-2.092				689	19.692	72.52
1530	S	T	0	0	0.587	-1.825	-2.412				631	21.411	87.07
1598	E	D	0.32	0.32	0.568	-1.85	-2.418				426	29.75	75.63
1610	A	S	0.39	0.39	0.307	-1.952	-2.259				392	16.492	79.07
1622	A	T	0.07	0.07	0.344	-3.069	-3.413				356	3.293	93.92
1642	E	G	0	0	1.83	-1.512	-3.342				295	3.443	78.86
1660	P	L	0	0	0.176	-1.989	-2.165				241	29.613	79.07
1671	R	H	0.03	0.03	0.821	-3.766	-4.587				208	1.249	93.92
1681	I	V	0.6	0.6	0.228	-2.262	-2.49				179	17.418	78.01
1688	S	L	0	0	1.326	-1.971	-3.297				157	6.679	75.2
1698	I	T	0.02	0.02	1.887	-1.572	-3.459	-51	-0.7	0.0376	127	0.725	17.95
1701	E	K	0.02	0.02	1.649	-1.73	-3.379				119	3.522	77.24
1707	P	R	0.57	0.57	2.643	-1.307	-3.95				100	1.889	77.24
1709	S	R	0	0	2.34	-1.331	-3.671	84	-0.93	0.856	93	3.859	87.07
1712	K	N	0.13	0.13	1.632	-2.009	-3.641	-54	1.73	0.868	84	3.259	72.95
1717	Y	C	0	0	3.707	-1.112	-4.819	-85	0.25	0.227	70	0.117	13.36
1718	F	L	0.01	0.01	1.64	-1.279	-2.919	-23	-0.03	0.438	68	0.943	13.78
1723	E	K	0	0	1.91	-0.972	-2.882	30	-1.3	0.241	53		
1727	D	V	0	0	2.438	-1.213	-3.651	29	1.19	0.366	40	1.264	46.96
1729	G	E	0.01	0.01	2.799	-0.741	-3.54	78	-0.75	0.782	34		
1730	M	V	0.12	0.12	0.202	-2.188	-2.39	-23	-0.11	1.03	32	13.834	87.07
1749	F	L	0.01	0.01	1.413	-1.477	-2.89	-23	-0.03	0.107	-26	3.214	46.96
1754	F	L	0	0	1.709	-1.189	-2.898	-23	-0.03	0.00592	-41	0.917	13.4
1755	Q	P	0.01	0.01	2.103	-1.569	-3.672	-32	0.12	0.16	-45	1.963	74.99
1757	F	L	0.01	0.01	1.624	-1.323	-2.947	-23	-0.03	0.166	-50	1.255	18.33
1761	S	P	0	0	2.305	-1.338	-3.643	23	-0.25	0.336	-62	0.318	13.78
1764	Q	R	0.11	0.11	0.776	-1.822	-2.598	29	-0.56	0.801	-72	27.131	78.86
1769	G	R	0.11	0.11	1.529	-0.893	-2.422	113	-0.91	0.276	69	6.175	17.95
1770	E	K	0.04	0.04	1.789	-1.119	-2.908	30	-1.3	0.102	66	6.778	74.99
1771	L	P	0.25	0.25	1.237	-1.076	-2.313	-55	-1.07	0.445	62	6.608	13.36
1772	N	I	0	0	2.166	-1.763	-3.929	53	1.09	0.263	59	2.185	51.38
1782	I	R	0	0	2.748	-1.306	-4.054	6	-1.68	0.0602	29	1.929	78.86
1783	R	T	0	0	0.968	-1.367	-2.335	-57	0.98	0.167	26	3.389	13.78
1786	V	G	0	0	2.386	-1.208	-3.594	-80	-0.73	0.167	17	0.374	18.33
1799	S	P	0	0	2.376	-1.18	-3.556	23	-0.25	0.344	-22	2.493	93.92
1801	P	A	0	0	1.92	-1.059	-2.979	-24	0.52	0.211	-28	5.405	93.92
1806	S	P	0.01	0.01	1.022	-1.491	-2.513	23	-0.25	0	-43	2.189	93.92
1810	S	P	0.01	0.01	2.168	-1.668	-3.836	23	-0.25	0.008	-55	2.729	93.92
1811	Y	N	0.02	0.02	2.34	-1.237	-3.577	-79	-0.82	0.47	-58	6.515	93.92
1824	N	I	0	0	0.674	-2.15	-2.824	53	1.09	0.325	-98	4.611	87.07
1826	V	F	0	0	2.504	-1.268	-3.772	50	0.14	0.208	-103	0.734	15.74
1836	W	R	0	0	3.031	-1.002	-4.033	-54	-1.67	0.0308	81		
1840	H	L	0.01	0.01	1.414	-2.087	-3.501	14	0.72	0.629	68	3.697	78.86
1841	H	L	0.02	0.02	1.34	-2.019	-3.359	14	0.72	0.0529	65	5.177	75.84
1845	T	P	0.29	0.29	2.353	-1.334	-3.687	-4	-0.3	0.259	54	2.19	75.2
1847	D	G	0.1	0.1	0.241	-1.911	-2.152	-51	0.46	0.274	47	26.198	51.38
1849	F	L	0.19	0.19	1.672	-1.334	-3.006	-23	-0.03	0.0118	42	0.743	15.74
1851	C	R	0	0	2.96	-1.073	-4.033	65	-1.66	0	36		
1859	D	G	0.18	0.18	1.536	-1.589	-3.125	-51	0.46	0.0854	11	1.174	18.33
1861	D	Y	0	0	3.011	-1.237	-4.248	82	0.96	0.549	6	0.282	15.74
1863	E	K	0.05	0.05	0.967	-1.225	-2.192	30	-1.3	0.342	-1	3.652	80.09
1864	K	E	0	0	1.667	-1.43	-3.097	-30	1.3	0.33	-4	4.071	78.01
1870	L	R	0	0	2.867	-0.941	-3.808	6	-1.75	0.0292	-23		
1875	L	P	0	0	2.764	-1.258	-4.022	-55	-1.07	0.0219	-38	0.272	18.33
1876	V	L	0.01	0.01	0.664	-1.911	-2.575	27	0.11	0.0583	-40	13.423	80.09
1881	T	P	0.01	0.01	2.148	-1.53	-3.678	-4	-0.3	0.187	-55	1.274	46.96
1882	L	P	0	0	2.626	-1.303	-3.929	-55	-1.07	0.0657	-59	0.422	22.71
1886	H	N	0.48	0.48	1.527	-2.157	-3.684	-39	-0.44	0.812	-70	1.019	46.96
1889	Q	H	0.04	0.04	2.816	-1.559	-4.375	9	0.47	0.0497	-81	0.637	51.38
1895	F	S	0	0	2.069	-1.327	-3.396	-101	-0.85	0.00592	-98	1.103	22.71
1896	A	P	0.01	0.01	0.978	-1.613	-2.591	24	-0.52	0.0291	-100	7.744	46.96
1899	F	S	0	0	2.072	-1.324	-3.396	-101	-0.85	0	-110	0.509	15.74
1901	I	F	0	0	2.18	-1.752	-3.932	23	0.1	0.00752	-115	1.815	51.38
1908	W	L	0	0	1.815	-1.525	-3.34	-60	0.08	0.159	93	1.352	22.71
1936	R	C	0	0	3.004	-1.904	-4.908	-65	1.66	0.175	10	1.472	78.86
1937	F	V	0.01	0.01	1.704	-1.51	-3.214	-50	-0.14	0.0769	7	2.177	22.71
1940	I	N	0	0	2.689	-1.35	-4.039	-53	-1.09	0	-4	0.847	51.38
1943	Y	C	0.01	0.01	3.553	-1.4	-4.953	-85	0.25	0.243	-13	0.196	22.71
1944	I	K	0	0	0.165	-2.326	-2.491	1	-2.82	0.301	-16	4.337	80.09
1945	M	V	0.21	0.21	1.09	-2.19	-3.28	-23	-0.11	0.726	-18	3.509	77.24
1946	D	V	0.01	0.01	2.221	-1.36	-3.581	29	1.19	0.287	-22	1.126	15.74
1950	G	D	0	0	2.166	-1.051	-3.217	51	-0.46	0.023	-34	1.424	15.74
1951	L	F	0	0	2.515	-1.111	-3.626	23	0.03	0.0073	-38	0.284	15.74
1959	I	F	0	0	2.17	-1.734	-3.904	23	0.1	0	-60	2.729	77.24
1961	W	R	0	0	3.031	-1.002	-4.033	-54	-1.67	0	-66		
1963	L	P	0	0	2.93	-1.076	-4.006	-55	-1.07	0.0511	-73	0.232	15.65
1964	L	P	0	0	2.744	-1.288	-4.032	-55	-1.07	0.139	-76	0.292	15.74
1965	S	I	0	0	2.223	-1.662	-3.885	78	0.75	0.048	-79	2.487	46.96
1968	S	R	0.02	0.02	2.304	-1.368	-3.672	84	-0.93	0.28	-89	3.214	72.52
1969	N	D	0.2	0.2	0.462	-1.791	-2.253	-3	-0.14	0.194	-90	5.467	51.38
1974	S	Y	0	0	2.796	-1.368	-4.164	104	0.48	0	78	0.274	15.74
1986	K	I	0.09	0.09	1.91	-1.924	-3.834	-1	2.82	0.213	42	2.185	51.38
1989	E	G	0.04	0.04	2.028	-1.195	-3.223	-78	0.75	0.326	33	1.049	15.65
1993	A	T	0.12	0.12	1.86	-1.52	-3.38	28	-0.22	0.0291	22	1.384	46.96
1994	L	P	0	0	1.125	-2.783	-3.908	-55	-1.07	0.0657	18	1.604	93.92
1997	L	F	0.04	0.04	2.562	-1.071	-3.633	23	0.03	0.0073	10	0.284	15.74
1999	P	L	0	0	2.323	-1.19	-3.513	55	1.07	0.0376	3	0.668	15.74
2007	M	I	0.01	0.01	1.762	-1.511	-3.273	4	-0.07	0.0255	-23	0.471	15.74
2013	G	R	0	0	3.067	-0.741	-3.808	113	-0.91	0.092	-39		
2017	V	M	0.24	0.24	2.568	-1.491	-4.059	23	0.11	0	-51	2.958	80.09
2018	E	G	0.03	0.03	2.079	-1.37	-3.449	-78	0.75	0.0214	-55	0.462	15.74
2022	G	D	0.01	0.01	2.388	-1.171	-3.559	51	-0.46	0	51	0.484	15.74
2023	E	K	0.01	0.01	0.712	-1.273	-1.985	30	-1.3	0.305	49	20.212	72.95
2030	S	N	0.03	0.03	1.769	-1.734	-3.503	25	-0.34	0.024	27	2.063	72.95
2031	T	I	0	0	1.775	-1.909	-3.684	51	0.7	0	24	3.249	75.63
2036	Y	C	0.01	0.01	3.391	-1.399	-4.79	-85	0.25	0.0773	9	0.288	15.74
2038	N	S	0.03	0.03	-0.163	-2.794	-2.631	-25	0.34	0.4	3	19.148	87.07
2044	L	P	0	0	2.93	-1.076	-4.006	-55	-1.07	0.175	-16	0.199	13.4
2047	A	G	0.1	0.1	1.773	-1.246	-3.019	-28	-0.29	0.534	-25	0.602	13.78
2053	D	V	0	0	2.596	-1.059	-3.655	29	1.19	0.476	30	0.361	13.4
2056	I	N	0	0	2.853	-1.126	-3.979	-53	-1.09	0.421	21		
2058	A	P	0	0	2.561	-0.949	-3.51	24	-0.52	0.0485	16		
2063	G	R	0.01	0.01	2.912	-0.922	-3.834	113	-0.91	0.621	1	0.408	13.78
2065	W	R	0.01	0.01	2.978	-1.036	-4.014	-54	-1.67	0.0718	-6		
2066	A	V	0.02	0.02	1.623	-1.514	-3.137	52	0.44	0.0291	-10	5.218	72.95
2067	P	L	0	0	2.533	-0.906	-3.439	55	1.07	0.0977	-13		
2069	L	P	0	0	2.783	-1.111	-3.894	-55	-1.07	0.109	-19	0.341	13.78
2071	R	S	0	0	2.14	-1.101	-3.241	-84	0.93	0.256	-26		
2091	K	T	0.01	0.01	2.036	-1.278	-3.314	-52	2.12	0.264	2	1.891	46.96
2099	I	N	0.01	0.01	2.771	-1.273	-4.044	-53	-1.09	0.128	-23	0.191	13.78
2102	G	D	0	0	2.292	-1.105	-3.397	51	-0.46	0	-32	3.924	80.09
2109	R	C	0.01	0.01	3.608	-1.324	-4.932	-65	1.66	0.607	-52	1.379	75.63
2115	L	P	0.02	0.02	2.654	-1.409	-4.063	-55	-1.07	0.0876	-71	0.258	17.95
2121	I	N	0.1	0.1	1.836	-1.82	-3.656	-53	-1.09	0.233	68	2.063	46.96
2124	Y	C	0	0	3.52	-1.303	-4.823	-85	0.25	0.0442	59	0.412	46.96
2125	S	T	0	0	1.759	-1.068	-2.827	27	0.05	0.088	56		
2131	W	C	0	0	3.682	-1.036	-4.718	-119	-0.01	0.359	37		
2140	G	E	0.02	0.02	2.036	-1.258	-3.294	78	-0.75	0.31	11	2.424	46.96
2141	T	N	0.21	0.21	0.874	-1.687	-2.561	-2	-0.39	0.698	8	4.365	51.38
2146	F	S	0.1	0.1	1.816	-1.652	-3.468	-101	-0.85	0.775	-8	2.092	85.24
2149	V	G	0.01	0.01	2.174	-1.416	-3.59	-80	-0.73	0.7	-17	0.393	13.78
2150	D	V	0	0	2.685	-0.924	-3.609	29	1.19	0.409	-20		
2151	S	L	0.02	0.02	1.609	-1.749	-3.358	78	0.82	0.304	-23	3.059	51.38
2152	S	P	0	0	2.288	-1.368	-3.656	23	-0.25	0.528	-25	0.487	18.33
2155	K	E	0.02	0.02	1.809	-1.247	-3.056	-30	1.3	0.421	-34	2.681	51.38
2157	N	D	0.01	0.01	1.866	-1.008	-2.874	-3	-0.14	0.156	-40		
2162	P	L	0	0	2.374	-1.059	-3.433	55	1.07	0.0752	-56	0.139	3.28
2163	I	S	0	0	2.199	-1.367	-3.566	-78	-0.75	0.015	-59	0.581	17.95
2165	A	V	0.01	0.01	2.013	-1.075	-3.088	52	0.44	0.0388	-65	0.329	13.4
2166	R	G	0	0	2.007	-1.272	-3.279	-113	0.91	0.355	-67	3.158	79.07
2176	S	R	0.07	0.07	1.908	-1.609	-3.517	84	-0.93	0.216	47	3.352	75.63
2179	S	R	0.04	0.04	2.163	-1.652	-3.815	84	-0.93	0.008	38	1.797	51.38
2180	T	N	0.01	0.01	2.051	-1.382	-3.433	-2	-0.39	0.0288	36	1.35	51.38
2188	C	Y	0.01	0.01	2.853	-1.253	-4.106	85	-0.25	0.0286	12	0.038	3.28
2190	L	V	0.35	0.35	1.573	-1.184	-2.757	-27	-0.11	0.431	7	4.197	77.24
2193	C	Y	0	0	2.621	-1.476	-4.097	85	-0.25	0.0857	-4	0.806	50.32
2195	M	L	0.11	0.11	-0.249	-2.188	-1.939	4	0	0.439	-9	13.074	78.01
2196	P	L	0	0	2.229	-1.126	-3.355	55	1.07	0.391	-13	1.038	17.44
2200	E	D	0.01	0.01	1.658	-1.4	-3.058	-27	0.29	0.481	-26	1.41	29.31
2201	S	I	0	0	0.863	-1.96	-2.823	78	0.75	0.6	-28	3.742	80.09
2204	I	T	0	0	2.151	-1.126	-3.277	-51	-0.7	0.173	-37		
2209	I	N	0	0	2.527	-1.576	-4.103	-53	-1.09	0.0752	-52	0.847	51.38
2212	S	P	0	0	2.442	-1.068	-3.51	23	-0.25	0.224	-60		
2218	M	V	0.15	0.15	0.19	-2.33	-2.52	-23	-0.11	1.13	72	20.418	87.07
2220	A	P	0.01	0.01	2.188	-1.6	-3.788	24	-0.52	0.155	66	2.099	79.07
2222	W	R	0.01	0.01	2.687	-1.189	-3.876	-54	-1.67	0.103	60	0.162	3.28
2224	P	L	0	0	2.313	-1.059	-3.372	55	1.07	0.0677	53	0.195	3.28
2230	H	P	0	0	2.138	-1.687	-3.825	-41	-0.35	0.694	35	1.809	93.92
2233	G	W	0	0	4.19	-0.763	-4.953	167	0.76	0.563	27		
2237	A	T	0	0	2.103	-0.949	-3.052	28	-0.22	0	15		
2239	R	G	0.04	0.04	1.917	-1.23	-3.147	-113	0.91	0.158	9	0.219	3.28
2242	V	M	0.05	0.05	2.653	-1.798	-4.451	23	0.11	0.808	-1	1.396	78.01
2250	Q	H	0	0	2.926	-1.16	-4.086	9	0.47	0.0939	-27		
2253	F	S	0	0	1.937	-1.534	-3.471	-101	-0.85	0.142	-35	1.941	79.07
2257	M	V	0.36	0.36	0.307	-2.135	-2.442	-23	-0.11	0.134	-46	13.834	51.38
2258	K	E	0.04	0.04	1.392	-1.709	-3.101	-30	1.3	0.157	-49	3.958	75.84
2262	V	A	0	0	0.272	-1.959	-2.231	-52	-0.44	0.108	-62	5.052	93.92
2264	T	A	0.01	0.01	1.64	-1.254	-2.894	-28	0.22	0.0144	-67	0.771	17.44
2272	T	P	0.06	0.06	2.293	-1.466	-3.759	-4	-0.3	0.489	87	1.145	77.24
2280	L	P	0.02	0.02	2.079	-1.727	-3.806	-55	-1.07	0.204	62	1.247	46.96
2281	I	T	0	0	1.67	-1.616	-3.286	-51	-0.7	0.0677	59	2.565	51.38
2283	S	R	0.23	0.23	2.151	-1.674	-3.825	84	-0.93	0.072	52	1.797	51.38
2284	S	R	0.01	0.01	2.322	-1.38	-3.702	84	-0.93	0.04	49	0.807	18.21
2305	N	K	0	0	1.877	-1.144	-3.021	54	-1.73	0.05	-15	0.565	4.68
2311	P	H	0.25	0.25	2.954	-1.553	-4.507	41	0.35	0.286	-32	0.347	18.33
2314	N	Y	0.01	0.01	2.729	-1.412	-4.141	79	0.82	0.1	-40	1.543	75.84
2315	S	F	0.19	0.19	2.271	-1.843	-4.114	101	0.85	0.704	-44	1.702	77.24
2316	L	P	0	0	2.527	-1.527	-4.054	-55	-1.07	0.073	-47	0.802	46.96
2320	L	S	0	0	2.3	-1.207	-3.507	-78	-0.82	0.168	-59	2.256	51.38
2322	T	N	0.01	0.01	1.916	-1.667	-3.583	-2	-0.39	0.0719	-65	2.029	77.24
2324	Y	N	0	0	2.569	-1.29	-3.859	-79	-0.82	0.232	-70	1.186	74.99
2327	I	T	0	0	1.976	-1.343	-3.319	-51	-0.7	0.0827	-80	2.596	77.24
2328	H	D	0.14	0.14	2.197	-1.251	-3.448	-42	-0.58	0.0765	-82	1.462	78.86
2330	Q	P	0.05	0.05	1.844	-2.005	-3.849	-32	0.12	0.315	-89	2.145	79.07
2334	H	P	0.02	0.02	1.693	-2.113	-3.806	-41	-0.35	0.771	-101	1.461	75.84
2336	I	F	0	0	2.347	-1.126	-3.473	23	0.1	0.00752	-106		
2341	E	K	0	0	1.858	-1.005	-2.863	30	-1.3	0.0535	-121		
2343	L	P	0	0	2.938	-1.111	-4.049	-55	-1.07	0.219	-128	0.355	32.67
